"","est_income","hold_bal","pref_cust_prob","imp_cscore","RiskScore","imp_crediteval","axio_score"
"est_income",100,1.03310633205192,0.868930709283244,0.351445737491523,0.453002338570861,-0.0173805568739436,-0.467277561037828
"hold_bal",1.03310633205192,100,0.182511105138257,26.9361111764781,1.39309117323582,25.6165040956783,0.015818254358421
"pref_cust_prob",0.868930709283244,0.182511105138257,100,-1.14991630079647,-1.25698429606839,-1.37329640251861,-2.03884115353053
"imp_cscore",0.351445737491523,26.9361111764781,-1.14991630079647,100,-0.480858643721725,92.6908095724486,0.53618562163803
"RiskScore",0.453002338570861,1.39309117323582,-1.25698429606839,-0.480858643721725,100,-0.435890855010661,0.0654177321602502
"imp_crediteval",-0.0173805568739436,25.6165040956783,-1.37329640251861,92.6908095724486,-0.435890855010661,100,0.672548072747206
"axio_score",-0.467277561037828,0.015818254358421,-2.03884115353053,0.53618562163803,0.0654177321602502,0.672548072747206,100
